ID,First Name,Last Name,Company,Job Title,Address,Phone Number,email
0,"Nataya
","Burton
","Envirotecture Design
","Truck Mechanic
","134-6312 Laoreet St.
","(897) 526-6479
",Nataya.Burton@EnvirotectureDesign.com
1,"Karenann
","Haas
","GEICO
","Logging Equipment Operator
","P.O. Box 862, 839 Fermentum Ave
","(320) 748-3847
",Karenann.Haas@GEICO.com
2,"Dorina
","Grant
","Verizon
","Farmworker
","Ap #680-2806 Sed Avenue
","(227) 220-8493
",Dorina.Grant@Verizon.com
3,"Chantee
","Kaufman
","Wynn Resorts
","Health Specialties Teacher
","Ap #468-1779 Magna. Avenue
","(363) 710-1150
",Chantee.Kaufman@WynnResorts.com
4,"Dessa
","Church
","The Goose and Duck
","Power Plant Operator
","Ap #674-4526 Neque Ave
","(947) 599-0541
",Dessa.Church@TheGooseandDuck.com
5,"Tywanna
","Hubbard
","Pointers
","Taper
","1259 Lorem, St.
","(213) 554-6100
",Tywanna.Hubbard@Pointers.com
6,"Jeanet
","Young
","ChexSystems
","Environmental Science Teacher
","Ap #316-8935 Consequat Rd.
","(950) 713-3323
",Jeanet.Young@ChexSystems.com
7,"Nachum
","Allred
","Allegheny Technologies
","Service Technician
","Ap #152-2101 Sed St.
","(548) 425-8987
",Nachum.Allred@AlleghenyTechnologies.com
8,"Akash
","Alford
","Vaughan & Bushnell Manufacturing
","General and Operations Manager
","Ap #645-9061 Urna. Street
","(315) 770-1924
",Akash.Alford@VaughanBushnellManufacturing.com
9,"Richerd
","Sun
","KBR
","Repairer
","9949 Etiam Avenue
","(629) 722-2382
",Richerd.Sun@KBR.com
10,"Carina
","Wilder
","Agriprocessors
","Farmworker
","Ap #976-946 Cras Street
","(779) 651-5134
",Carina.Wilder@Agriprocessors.com
11,"Shera
","Hoover
","Micro Design
","Computer and Mathematical Occupation
","P.O. Box 361, 5082 Consectetuer Road
","(720) 312-5635
",Shera.Hoover@MicroDesign.com
12,"Charlton
","Bradley
","Houlihan's
","Communications Teacher
","Ap #680-400 Eget, Street
","(697) 492-1749
",Charlton.Bradley@Houlihans.com
13,"Larell
","Skinner
","Strategy Consulting
","Finisher
","647-4201 Ac Avenue
","(422) 475-8302
",Larell.Skinner@StrategyConsulting.com
14,"Yalanda
","Ayers
","Ford Motor Company
","Gaming Surveillance Officer
","574-8074 Purus. Rd.
","(869) 935-3843
",Yalanda.Ayers@FordMotorCompany.com
15,"Lashae
","Randall
","Beckman Coulter
","Commercial Diver
","P.O. Box 670, 7771 Lectus Road
","(350) 772-6142
",Lashae.Randall@BeckmanCoulter.com
16,"Davy
","Livingston
","DISH Network
","Repairer
","Ap #996-8678 Arcu St.
","(497) 445-1146
",Davy.Livingston@DISHNetwork.com
17,"Eureka
","Riggs
","Lockheed Martin
","Service Technician
","Ap #486-8295 Metus Avenue
","(794) 753-9487
",Eureka.Riggs@LockheedMartin.com
18,"Ginamarie
","Cain
","Paramount Pictures
","Respiratory Therapist
","Ap #522-691 Enim Av.
","(581) 626-3776
",Ginamarie.Cain@ParamountPictures.com
19,"Judd
","Stanley
","Go Daddy
","Fitter
","Ap #417-3534 Dolor Ave
","(946) 786-3346
",Judd.Stanley@GoDaddy.com
20,"Karinna
","Teague
","Techo Solutions
","Barber
","7373 Elementum, Ave
","(577) 214-8567
",Karinna.Teague@TechoSolutions.com
21,"Katilyn
","Burnette
","Express Scripts Incorporated
","First-Line Supervisors of Construction Trade
","Ap #998-2984 Mi. Rd.
","(312) 569-8647
",Katilyn.Burnette@ExpressScriptsIncorporated.com
22,"Selinda
","Herndon
","McDonald's
","Teacher
","7961 Nunc Road
","(670) 899-9884
",Selinda.Herndon@McDonalds.com
23,"Claudell
","Lang
","Rite Aid Corporation
","Agricultural Engineer
","7622 Non Rd.
","(938) 735-0576
",Claudell.Lang@RiteAidCorporation.com
24,"Carolee
","Hudson
","Terra
","Policy Processing Clerk
","Ap #152-2101 Sed St.
","(873) 948-2253
",Carolee.Hudson@Terra.com
25,"Antonios
","Welsh
","Esselte
","First-Line Supervisors of Farming
","P.O. Box 862, 839 Fermentum Ave
","(448) 331-0124
",Antonios.Welsh@Esselte.com
26,"Saundra
","Jernigan
","Rent-A-Wreck
","Lathe and Turning Machine Tool Setter
","Ap #829-7242 Ligula. Road
","(592) 322-6783
",Saundra.Jernigan@Rent-A-Wreck.com
27,"Celisa
","Ellington
","Midwest Communications
","Mechanic
","4524 Ante. Av.
","(343) 403-4936
",Celisa.Ellington@MidwestCommunications.com
28,"Markale
","Grimes
","Hilton Hotels Corporation
","Archivist
","Ap #468-1779 Magna. Avenue
","(471) 247-7814
",Markale.Grimes@HiltonHotelsCorporation.com
29,"Artesia
","Andrews
","Imation
","Environmental Science and Protection Technician
","9463 Cras Road
","(230) 304-6471
",Artesia.Andrews@Imation.com
30,"Karmyn
","Hsu
","Knockout Kickboxing
","Gaming Manager
","172 Cras Rd.
","(994) 921-3731
",Karmyn.Hsu@KnockoutKickboxing.com
31,"Julio
","Friedman
","Imation
","Construction and Extraction Occupation
","3844 Aliquet St.
","(245) 435-2568
",Julio.Friedman@Imation.com
32,"Shonteria
","Hobbs
","Gentiva Health Services
","Interior Designer
","879-1407 Suspendisse Road
","(607) 335-1644
",Shonteria.Hobbs@GentivaHealthServices.com
33,"Kamaal
","Creech
","Electric Boat
","Gaming Cage Worker
","Ap #796-376 Lobortis, Av.
","(973) 412-7220
",Kamaal.Creech@ElectricBoat.com
34,"Xia
","Mann
","Star Interior Design
","Transportation Security Screener
","Ap #477-1444 Feugiat Road
","(965) 517-7806
",Xia.Mann@StarInteriorDesign.com
35,"Akash
","Moon
","United Airlines
","Bellhop
","319-2560 Molestie Av.
","(620) 809-9210
",Akash.Moon@UnitedAirlines.com
36,"Soren
","Fitzpatrick
","Unisys
","Ophthalmic Laboratory Technician
","768-6189 Consequat Rd.
","(211) 980-1108
",Soren.Fitzpatrick@Unisys.com
37,"Susana
","Nolan
","Biggby Coffee
","Mechanical Engineer
","Ap #674-4526 Neque Ave
","(308) 875-3861
",Susana.Nolan@BiggbyCoffee.com
38,"Idelfonso
","Winters
","Orion
","Office and Administrative Support Worker
","P.O. Box 361, 5082 Consectetuer Road
","(713) 751-4051
",Idelfonso.Winters@Orion.com
39,"Sarajane
","Hull
","Vitagee
","Tire Builder
","2187 Erat, Rd.
","(666) 999-8343
",Sarajane.Hull@Vitagee.com
40,"Hatem
","Herring
","Manu Connection
","Occupational Therapy Aide
","2099 Tincidunt St.
","(869) 935-3843
",Hatem.Herring@ManuConnection.com
41,"Laurinda
","O'Connell
","Belk
","Materials Engineer
","691-377 Mauris Avenue
","(335) 628-6639
",Laurinda.O'Connell@Belk.com
42,"Kandas
","McCullough
","Naturohair
","Heat Treating Equipment Setter
","2187 Erat, Rd.
","(395) 201-0788
",Kandas.McCullough@Naturohair.com
43,"Philemon
","Stokes
","SkyWest Airlines
","Chemistry Teacher
","1488 Lacus. St.
","(633) 451-0365
",Philemon.Stokes@SkyWestAirlines.com
44,"Silena
","Bender
","Coventry Health Care
","Service Technician
","159 Phasellus Av.
","(924) 843-6698
",Silena.Bender@CoventryHealthCare.com
45,"Shantele
","Chen
","Omnicare
","Railroad Conductor
","416-2623 Elit Rd.
","(561) 677-3465
",Shantele.Chen@Omnicare.com
46,"Neysa
","Richmond
","Chargepal
","Tire Builder
","9463 Cras Road
","(658) 386-0238
",Neysa.Richmond@Chargepal.com
47,"Shareema
","Watson
","Vertex Pharmaceuticals
","Audiologist
","P.O. Box 254, 1454 Lacinia Avenue
","(684) 655-1316
",Shareema.Watson@VertexPharmaceuticals.com
48,"Exavier
","Lu
","PepsiCo
","Communications Equipment Operator
","Ap #316-8935 Consequat Rd.
","(231) 834-9544
",Exavier.Lu@PepsiCo.com
49,"Alexsander
","Best
","Jackhammer Technologies
","Cook
","4683 Laoreet Rd.
","(709) 631-4817
",Alexsander.Best@JackhammerTechnologies.com
